Ramplitude,RRinterval,RTinterval
1.101183050134420409e+04,3.035208333333333144e+02,2.627083333333333215e+01
