PPI,PulseWidth
6.168750000000000000e+01,3.578140000000000214e+02
6.175000000000000000e+01,3.645734693877550967e+02
6.152083333333333570e+01,3.417571428571428100e+02
6.142857142857143060e+01,2.721873015873015902e+02
